source,category,concept,label,docs_total,docs_recent,docs_prior,share_recent_pct,share_prior_pct,growth_ratio,delta_pp,slope_pp_per_year,first_year_ge3,peak_year,recent_years,prior_years
all,Advanced packaging,UCIe,UCIe / die-to-die standards,216,139,24,0.05092440619943823,0.009454748830490411,5.210674634296439,0.04146965736894782,0.005235094939694648,2020.0,2025,2023-2025,2020-2022
all,Transistor architecture,BSPDN,Backside power delivery,287,161,52,0.05898438415906154,0.020485289132729224,2.8438937699257734,0.03849909502633232,0.006250577690106153,2018.0,2025,2023-2025,2020-2022
all,Advanced packaging,HybridBonding,Hybrid bonding / SoIC,1738,863,323,0.3163504712888699,0.1273554667467058,2.4794197305112435,0.18899500454216409,0.027362269070432568,2014.0,2024,2023-2025,2020-2022
all,Advanced packaging,Chiplet,Chiplet / disaggregation,3560,1847,713,0.6765252409200189,0.28088482983915264,2.4065775395713187,0.39564041108086623,0.06515068899147614,2014.0,2025,2023-2025,2020-2022
all,Transistor architecture,CFET,CFET (complementary FET),698,349,136,0.12786055945038807,0.05357691003944566,2.3763659184076267,0.07428364941094241,0.01136658843872492,2014.0,2025,2023-2025,2020-2022
all,Advanced packaging,CoWoS,CoWoS,119,65,25,0.023813571244341615,0.00984869669842751,2.363405168990513,0.013964874545914104,0.0023720929056156937,2017.0,2025,2023-2025,2020-2022
all,Lithography & patterning,HighNA,High-NA EUV,730,357,148,0.13079146052661472,0.058304284454690866,2.234912419057299,0.07248717607192386,0.012394427236671831,2014.0,2025,2023-2025,2020-2022
all,Design & compute,RISCV,RISC-V,1247,674,282,0.24692841567209614,0.11109329875826232,2.218391529295447,0.13583511691383382,0.026832123948442387,2017.0,2025,2023-2025,2020-2022
all,Advanced packaging,GlassSubstrate,Glass core / glass substrate,615,231,99,0.08462976857604482,0.03900083892577294,2.1582479146087725,0.04562892965027188,0.0013672011240212114,2014.0,2025,2023-2025,2020-2022
all,Design & compute,DTCO,DTCO / STCO,466,239,103,0.08756066965227148,0.040576630397521345,2.1467751065247116,0.046984039254750136,0.008527485470054766,2015.0,2025,2023-2025,2020-2022
all,Design & compute,Photonic-computing,Photonic / optical computing,1341,679,324,0.2487602288447378,0.12763910921162056,1.946014430928214,0.12112111963311725,0.02482213290538994,2014.0,2025,2023-2025,2020-2022
all,Advanced packaging,HBM,High-bandwidth memory (HBM),1529,701,341,0.25682020680436113,0.13439137566806245,1.9083246448831608,0.12242883113629868,0.025066896462512596,2014.0,2025,2023-2025,2020-2022
all,Memory,CIM,Compute-in-memory / PIM,8184,3959,2153,1.4503051068019293,0.8481815781046153,1.7095697557471037,0.602123528697314,0.15042183203231027,2014.0,2025,2023-2025,2020-2022
all,Materials & power devices,Cryo,Cryogenic CMOS / quantum control,592,286,157,0.1047797134751031,0.06184981526612477,1.689706021091865,0.042929898208978336,0.01145367722022714,2016.0,2025,2023-2025,2020-2022
all,Design & compute,Neuromorphic,Neuromorphic hardware,22909,10167,5777,3.724849205139355,2.275761982977721,1.6366379396613904,1.449087222161634,0.35285674606343664,2014.0,2025,2023-2025,2020-2022
all,Design & compute,AIAccel,AI accelerator / NPU,2312,1114,635,0.4081279748645625,0.25021204884157,1.6301362620865079,0.15791592602299248,0.04430628719878935,2014.0,2025,2023-2025,2020-2022
all,Advanced packaging,3DIC,"2.5D / 3D integration (TSV, interposer)",11841,4190,2403,1.5348945754881758,0.9466567266528524,1.6211260544563506,0.5882378488353234,0.03970859237991955,2014.0,2025,2023-2025,2020-2022
all,Design & compute,MLforEDA,ML for EDA / chip design,131,59,34,0.02161539543717162,0.013394227509861415,1.59624770515668,0.008221167927310206,0.002523562323447073,2019.0,2024,2023-2025,2020-2022
all,Lithography & patterning,CompLitho,Computational lithography (OPC/ILT/SMO),1459,630,391,0.23089272315879103,0.15415574020246678,1.496519817764804,0.07673698295632425,0.02021934908816087,2014.0,2025,2023-2025,2020-2022
all,Memory,FeRAM,FeRAM / ferroelectric memory,1722,668,458,0.24473023986492615,0.180428123515192,1.355609886878741,0.06430211634973415,0.015547878706132506,2014.0,2023,2023-2025,2020-2022
all,Lithography & patterning,EUV,EUV lithography,4563,1497,1034,0.5484448638889138,0.40734209544696187,1.3460640057591786,0.1411027684419519,0.012641133849195758,2014.0,2025,2023-2025,2020-2022
all,Materials & power devices,Ga2O3,Ga2O3 / ultra-wide bandgap,10440,4060,2839,1.4874322961850301,1.1184179970734283,1.3298269211193854,0.3690142991116019,0.11785647045268409,2014.0,2025,2023-2025,2020-2022
all,Advanced packaging,CPO,Silicon photonics / co-packaged optics,12487,4299,3098,1.5750882201222791,1.2206120134949914,1.2903148861219393,0.35447620662728774,0.07963439134898398,2014.0,2025,2023-2025,2020-2022
all,Interconnect & BEOL,RuMo,Ru / Mo interconnect (post-Cu),129,57,41,0.020882670168114955,0.016151862585421117,1.285921780382396,0.004730807582693838,0.002260978635270346,2018.0,2024,2023-2025,2020-2022
all,Transistor architecture,GAA,GAA / nanosheet,3793,1463,1082,0.5359592253041883,0.42614522718359965,1.2574534873785517,0.10981399812058862,0.03862255876440981,2014.0,2024,2023-2025,2020-2022
all,Advanced packaging,FanOut,Fan-out packaging (FOWLP / InFO / FOPLP),2871,1004,748,0.36787204858258926,0.29482270540676725,1.2474431654363627,0.07304934317582201,0.01968379260391657,2014.0,2025,2023-2025,2020-2022
all,Materials & power devices,OxideSemi,Oxide semiconductor (IGZO),5345,1664,1243,0.6096274238551453,0.48967719984581587,1.2447608363987825,0.11995022400932948,0.009830681156282108,2014.0,2025,2023-2025,2020-2022
all,Materials & power devices,SiC,SiC power,18753,5606,4245,2.053682384112021,1.6721550597244956,1.2281112975796855,0.38152732438752546,0.008756579897064822,2014.0,2016,2023-2025,2020-2022
all,Memory,RRAM,RRAM / memristor,22575,7824,5964,2.8662637166168268,2.349335686793654,1.2199946845789436,0.5169280298231729,0.14914809710407734,2014.0,2024,2023-2025,2020-2022
all,Memory,DRAM,DRAM (incl. 3D / vertical channel),7891,2569,1971,0.9411856081032863,0.776471247704025,1.212024378667127,0.16471436039926135,0.040134357980253194,2014.0,2025,2023-2025,2020-2022
all,Transistor architecture,FeFET,Ferroelectric / negative-capacitance FET,5051,2033,1571,0.7448152359961001,0.6188921005291848,1.2033359798639711,0.12592313546691536,0.07288673777036232,2014.0,2024,2023-2025,2020-2022
all,Memory,3DNAND,3D NAND,3431,974,775,0.35683720603059593,0.3053095976512528,1.1685541732655782,0.051527608379343115,-0.006862425412185585,2014.0,2014,2023-2025,2020-2022
all,Materials & power devices,GaN,GaN power / RF,34523,10510,8546,3.850584861309479,3.3667651479214062,1.1436878091068203,0.4838197133880726,0.04230057308484614,2014.0,2024,2023-2025,2020-2022
all,Materials & power devices,CNT,Carbon nanotube transistor,2147,638,529,0.23373936082907618,0.20839842213872614,1.1213690839830082,0.025340938690350034,0.0010073875140989032,2014.0,2014,2023-2025,2020-2022
all,Transistor architecture,2D-channel,2D-material channel (MoS2 / TMD),6792,2213,1925,0.8109400279021187,0.7584166169164677,1.0692180808006728,0.05252341098565105,0.04731984789911504,2014.0,2025,2023-2025,2020-2022
all,Transistor architecture,Node,"Advanced node (7/5/3/2 nm, A16/A14)",2453,880,774,0.3225383361860534,0.3049786814421857,1.0575023858016916,0.01755965474386767,0.029526759397265623,2014.0,2020,2023-2025,2020-2022
all,Lithography & patterning,Resist,Photoresist (CAR / metal-oxide / stochastics),6491,1801,1594,0.659819104785527,0.6281065411602336,1.0504575003184635,0.0317125636252934,-0.002359334110393257,2014.0,2017,2023-2025,2020-2022
all,Memory,MRAM,MRAM / spintronic memory,3163,962,852,0.35244085441625594,0.33561206765297463,1.0500847782061031,0.01682878676328131,0.008322857632648874,2014.0,2023,2023-2025,2020-2022
all,Materials & power devices,SiQubit,Silicon spin qubit,309,100,92,0.03663626345283325,0.03624320385021324,1.0107284432382686,0.0003930596026200106,0.003234636310510412,2015.0,2022,2023-2025,2020-2022
all,Interconnect & BEOL,HKMG,High-k / metal gate,2322,629,617,0.2305080423925363,0.24306583451719097,0.9484194391302398,-0.01255779212465466,0.0009306534448915733,2014.0,2019,2023-2025,2020-2022
all,Transistor architecture,FinFET,FinFET,9027,2213,2218,0.8107605102112,0.8737763710844888,0.9279135203894766,-0.06301586087328881,-0.033043039852056075,2014.0,2016,2023-2025,2020-2022
all,Lithography & patterning,MultiPatterning,Multi-patterning (SADP/SAQP/LELE),560,145,153,0.05312258200660822,0.060274023794376366,0.8821216270823412,-0.007151441787768144,-0.00017378236278234186,2014.0,2019,2023-2025,2020-2022
all,Transistor architecture,TFET,Tunnel FET,3431,820,945,0.3004173603132327,0.37228073520055993,0.8071686160819278,-0.07186337488732725,-0.0095447400861629,2014.0,2016,2023-2025,2020-2022
all,Lithography & patterning,NIL,Nanoimprint lithography,2419,485,562,0.17768587774624128,0.2212332436761169,0.8035107261591613,-0.043547365929875625,-0.02039787638592335,2014.0,2017,2023-2025,2020-2022
all,Interconnect & BEOL,Airgap,Air-gap / low-k dielectric,270,69,81,0.025279021782454947,0.03190977730290514,0.7947371244219474,-0.006630755520450192,0.0005351863916554122,2014.0,2019,2023-2025,2020-2022
all,Lithography & patterning,DSA,Directed self-assembly,518,94,111,0.03443808764566326,0.043728213341018146,0.7894453616775844,-0.009290125695354888,-0.006211856434301659,2014.0,2014,2023-2025,2020-2022
all,Memory,PCM,Phase-change memory,2848,632,813,0.23154118502190618,0.32027961663286264,0.7232748769013818,-0.08873843161095646,-0.011754697964886401,2014.0,2014,2023-2025,2020-2022
arxiv,Advanced packaging,UCIe,UCIe / die-to-die standards,7,4,0,0.019900205009735904,0.0,4.885152585717093,0.019900205009735904,0.001907125594718923,,2025,2023-2025,2020-2022
arxiv,Transistor architecture,Node,"Advanced node (7/5/3/2 nm, A16/A14)",93,53,11,0.2629314586911356,0.05823846707913399,4.230604570637598,0.2046929916120016,0.013061748970546358,2023.0,2025,2023-2025,2020-2022
arxiv,Transistor architecture,BSPDN,Backside power delivery,6,3,0,0.014925153757301928,0.0,3.9138644392878197,0.014925153757301928,0.0014755401655531031,,2024,2023-2025,2020-2022
arxiv,Transistor architecture,CFET,CFET (complementary FET),12,7,1,0.03482535876703783,0.005122116717601934,3.899508512502456,0.029703242049435898,0.003827034452978223,2025.0,2025,2023-2025,2020-2022
arxiv,Advanced packaging,Chiplet,Chiplet / disaggregation,258,142,37,0.706656279895722,0.18951831855127158,3.656888639968789,0.5171379613444504,0.0734002534717895,2020.0,2025,2023-2025,2020-2022
arxiv,Advanced packaging,HybridBonding,Hybrid bonding / SoIC,26,10,2,0.050198267137058813,0.010244233435203868,3.6000991324904557,0.03995403370185495,0.004902379732898695,2025.0,2025,2023-2025,2020-2022
arxiv,Lithography & patterning,MultiPatterning,Multi-patterning (SADP/SAQP/LELE),14,6,1,0.029850307514603856,0.005122116717601934,3.41386443928782,0.02472819079700192,-0.0006924129234477527,2023.0,2023,2023-2025,2020-2022
arxiv,Design & compute,MLforEDA,ML for EDA / chip design,25,14,4,0.06965071753407566,0.020488466870407736,2.9196068100019654,0.049162250663667924,0.007243086582955483,2023.0,2025,2023-2025,2020-2022
arxiv,Design & compute,RISCV,RISC-V,189,112,37,0.5572057402726053,0.18951831855127158,2.8890598000020686,0.36768742172133373,0.059409127605521535,2019.0,2025,2023-2025,2020-2022
arxiv,Advanced packaging,HBM,High-bandwidth memory (HBM),223,107,36,0.5323304840104354,0.18444742300084566,2.835121093432376,0.3478830610095897,0.054072340447858164,2018.0,2025,2023-2025,2020-2022
arxiv,Materials & power devices,OxideSemi,Oxide semiconductor (IGZO),78,28,9,0.13930143506815132,0.04609905045841741,2.819606810001965,0.0932023846097339,0.0014832952718911224,2014.0,2025,2023-2025,2020-2022
arxiv,Design & compute,DTCO,DTCO / STCO,29,15,5,0.07462576878650964,0.02561058358800967,2.59488703273985,0.04901518519849997,0.007149378355534159,2021.0,2025,2023-2025,2020-2022
arxiv,Design & compute,Photonic-computing,Photonic / optical computing,322,167,73,0.8308335591564739,0.3739145203849412,2.205474600725522,0.4569190387715327,0.07486789363521199,2014.0,2023,2023-2025,2020-2022
arxiv,Advanced packaging,3DIC,"2.5D / 3D integration (TSV, interposer)",428,187,85,0.9322251036810784,0.4353799209961644,2.1279066613711306,0.49684518268491396,0.06950060897643232,2015.0,2025,2023-2025,2020-2022
arxiv,Memory,3DNAND,3D NAND,106,44,21,0.21890225510709493,0.10756445106964062,1.988030838313092,0.11133780403745432,0.011676336719292295,2015.0,2025,2023-2025,2020-2022
arxiv,Interconnect & BEOL,Airgap,Air-gap / low-k dielectric,4,1,0,0.004975051252433976,0.0,1.9712881464292733,0.004975051252433976,-0.0017181980662367587,,2015,2023-2025,2020-2022
arxiv,Advanced packaging,CoWoS,CoWoS,2,1,0,0.004975051252433976,0.0,1.9712881464292733,0.004975051252433976,0.0005091280555300532,,2025,2023-2025,2020-2022
arxiv,Memory,CIM,Compute-in-memory / PIM,1043,528,261,2.6250857933467873,1.3366675786254005,1.9602236618697744,1.2884182147213867,0.2688408219418573,2015.0,2024,2023-2025,2020-2022
arxiv,Design & compute,AIAccel,AI accelerator / NPU,403,208,103,1.034810660506267,0.5276804642473514,1.9518163281800496,0.5071301962589156,0.1031402831381451,2014.0,2025,2023-2025,2020-2022
arxiv,Design & compute,Neuromorphic,Neuromorphic hardware,3525,1652,872,8.219282174146171,4.4678175280954635,1.838702272766189,3.7514646460507075,0.7293338619619782,2014.0,2024,2023-2025,2020-2022
arxiv,Materials & power devices,SiC,SiC power,362,150,82,0.7450139250519879,0.41832327232655,1.7715059867882386,0.32669065272543796,0.035580838588331214,2014.0,2024,2023-2025,2020-2022
arxiv,Advanced packaging,CPO,Silicon photonics / co-packaged optics,1324,557,310,2.7722478093937846,1.5879074036237757,1.7434516376797657,1.1843404057700089,0.15760186044637106,2014.0,2025,2023-2025,2020-2022
arxiv,Lithography & patterning,EUV,EUV lithography,149,57,32,0.2835779213887366,0.1639077349632619,1.7079825559535933,0.11967018642547472,0.012742536777487292,2014.0,2025,2023-2025,2020-2022
arxiv,Memory,DRAM,DRAM (incl. 3D / vertical channel),939,356,215,1.7711182458664954,1.101255094284416,1.6054563894852836,0.6698631515820794,0.12847838304375325,2014.0,2025,2023-2025,2020-2022
arxiv,Lithography & patterning,Resist,Photoresist (CAR / metal-oxide / stochastics),132,44,27,0.21890225510709493,0.13624830468821145,1.5846622624234792,0.08265395041888349,-0.0067355071908290895,2014.0,2014,2023-2025,2020-2022
arxiv,Lithography & patterning,HighNA,High-NA EUV,26,10,6,0.049750512524339756,0.030732700305611607,1.5304116377561046,0.01901781221872815,0.0023811248302834775,2022.0,2023,2023-2025,2020-2022
arxiv,Transistor architecture,GAA,GAA / nanosheet,45,17,12,0.08701364640507026,0.060287313766174765,1.4086006014916204,0.02672633263889549,0.005974288925771272,2025.0,2025,2023-2025,2020-2022
arxiv,Advanced packaging,FanOut,Fan-out packaging (FOWLP / InFO / FOPLP),17,5,3,0.024875256262169878,0.01639077349632619,1.3943906505110395,0.008484482765843689,0.00019165812967151353,2025.0,2019,2023-2025,2020-2022
arxiv,Materials & power devices,Cryo,Cryogenic CMOS / quantum control,86,33,23,0.1641766913303212,0.11780868450484448,1.3771878680069174,0.04636800682547672,0.016516389400679118,2018.0,2025,2023-2025,2020-2022
arxiv,Materials & power devices,Ga2O3,Ga2O3 / ultra-wide bandgap,453,178,130,0.8855591229332477,0.6658751732882514,1.3273991607970277,0.21968394964499627,0.06957189920566424,2014.0,2025,2023-2025,2020-2022
arxiv,Lithography & patterning,CompLitho,Computational lithography (OPC/ILT/SMO),44,17,12,0.08442661975380458,0.06310447796085583,1.3125195078757335,0.02132214179294875,0.00774018880192198,2020.0,2024,2023-2025,2020-2022
arxiv,Memory,RRAM,RRAM / memristor,1429,522,391,2.599066275296558,2.0033110694212923,1.2966268482251946,0.5957552058752658,0.10859158472606147,2014.0,2024,2023-2025,2020-2022
arxiv,Materials & power devices,SiQubit,Silicon spin qubit,170,57,43,0.2835779213887366,0.22025101885688317,1.2809869169651948,0.06332690253185344,0.019514011462220603,2016.0,2018,2023-2025,2020-2022
arxiv,Lithography & patterning,DSA,Directed self-assembly,20,4,3,0.019900205009735904,0.015366350152805804,1.2212881464292733,0.0045338548569301,-0.0035567416824633267,2017.0,2018,2023-2025,2020-2022
arxiv,Transistor architecture,FinFET,FinFET,156,59,48,0.29352802389360455,0.24586160244489286,1.1899183803944309,0.04766642144871169,0.024638054218657605,2016.0,2025,2023-2025,2020-2022
arxiv,Transistor architecture,FeFET,Ferroelectric / negative-capacitance FET,309,119,106,0.5920310990396431,0.542944372065805,1.089563452570874,0.04908672697383809,0.05514728908562042,2014.0,2022,2023-2025,2020-2022
arxiv,Advanced packaging,GlassSubstrate,Glass core / glass substrate,5,1,1,0.004975051252433976,0.005122116717601934,0.9856440732146367,-0.00014706546516795801,0.0003227149831345064,,2019,2023-2025,2020-2022
arxiv,Interconnect & BEOL,RuMo,Ru / Mo interconnect (post-Cu),11,2,2,0.009950102504867952,0.010244233435203868,0.9808587642861822,-0.00029413093033591603,-0.0001447104109472067,,2016,2023-2025,2020-2022
arxiv,Materials & power devices,GaN,GaN power / RF,865,282,279,1.4011236842229806,1.43009498755446,0.9798139924299651,-0.028971303331479348,0.0761632750379241,2014.0,2023,2023-2025,2020-2022
arxiv,Materials & power devices,CNT,Carbon nanotube transistor,51,12,12,0.05970061502920771,0.061465400611223214,0.9734967505500984,-0.0017647855820155031,-0.013517749264739814,2014.0,2014,2023-2025,2020-2022
arxiv,Interconnect & BEOL,HKMG,High-k / metal gate,67,19,20,0.09527223148411063,0.10244233435203869,0.9333413335295514,-0.00717010286792806,-0.004828423529205082,2014.0,2015,2023-2025,2020-2022
arxiv,Memory,MRAM,MRAM / spintronic memory,284,86,91,0.4278544077093219,0.4642174381162633,0.922522979296273,-0.03636303040694139,0.01494806185849056,2014.0,2021,2023-2025,2020-2022
arxiv,Memory,FeRAM,FeRAM / ferroelectric memory,99,32,34,0.15920164007788723,0.17415196839846578,0.916606305306764,-0.014950328320578549,0.007556182941633459,2015.0,2022,2023-2025,2020-2022
arxiv,Lithography & patterning,NIL,Nanoimprint lithography,56,15,16,0.07462576878650964,0.08323439666103143,0.9025694026921218,-0.008608627874521782,-0.008024869276981095,2014.0,2014,2023-2025,2020-2022
arxiv,Memory,PCM,Phase-change memory,230,58,79,0.2885529726411706,0.4046472206905528,0.716683906161223,-0.11609424804938223,0.00658538155686288,2014.0,2019,2023-2025,2020-2022
arxiv,Transistor architecture,2D-channel,2D-material channel (MoS2 / TMD),867,174,247,0.8635693963974895,1.263165203727813,0.6849327428504232,-0.3995958073303234,-0.15068925541949535,2014.0,2014,2023-2025,2020-2022
arxiv,Transistor architecture,TFET,Tunnel FET,100,12,20,0.05970061502920771,0.10244233435203869,0.6026408455786324,-0.042741719322830975,-0.045726904737220325,2014.0,2015,2023-2025,2020-2022
ieee,Advanced packaging,UCIe,UCIe / die-to-die standards,162,108,16,0.15604629031573172,0.030389193104549257,4.891696066121583,0.12565709721118246,0.016333205979415576,2020.0,2025,2023-2025,2020-2022
ieee,Transistor architecture,BSPDN,Backside power delivery,186,119,27,0.1719398939590007,0.05128176336392687,3.268816515133586,0.12065813059507383,0.018246120187391524,2019.0,2025,2023-2025,2020-2022
ieee,Advanced packaging,HybridBonding,Hybrid bonding / SoIC,1034,545,215,0.7873257782957905,0.4075380727776959,1.9275843095409115,0.37978770551809465,0.06602906006042464,2014.0,2024,2023-2025,2020-2022
ieee,Advanced packaging,Chiplet,Chiplet / disaggregation,2015,1093,437,1.5786683036941525,0.8300048366680016,1.8999395626449247,0.7486634670261508,0.16128093371160296,2014.0,2025,2023-2025,2020-2022
ieee,Design & compute,Photonic-computing,Photonic / optical computing,277,157,65,0.22684507018120262,0.12345609698723135,1.8247666667337972,0.10338897319397126,0.023113791603437715,2017.0,2023,2023-2025,2020-2022
ieee,Design & compute,RISCV,RISC-V,848,473,199,0.6834249566605658,0.37796558923783136,1.8041262994297986,0.30545936742273444,0.07484677710500084,2017.0,2025,2023-2025,2020-2022
ieee,Transistor architecture,CFET,CFET (complementary FET),405,205,88,0.2961989769881945,0.1671405620750209,1.7634790668366336,0.12905841491317357,0.026147272240296393,2014.0,2025,2023-2025,2020-2022
ieee,Advanced packaging,CoWoS,CoWoS,87,46,20,0.06646416069003389,0.03798649138068657,1.7139798605410401,0.028477669309347316,0.0063784602674819965,2019.0,2025,2023-2025,2020-2022
ieee,Advanced packaging,GlassSubstrate,Glass core / glass substrate,361,141,63,0.20372710124553864,0.1196574478491627,1.6916081409857402,0.08406965339637594,-0.014427003379633879,2014.0,2014,2023-2025,2020-2022
ieee,Design & compute,DTCO,DTCO / STCO,339,171,82,0.24707329299990857,0.15574461466081493,1.5793351700374214,0.09132867833909364,0.02313773313303501,2015.0,2025,2023-2025,2020-2022
ieee,Design & compute,MLforEDA,ML for EDA / chip design,58,32,16,0.04623593787132792,0.030389193104549257,1.4907857625109702,0.01584674476677866,0.005564795227953115,2020.0,2025,2023-2025,2020-2022
ieee,Materials & power devices,Ga2O3,Ga2O3 / ultra-wide bandgap,1215,559,287,0.8076840396897595,0.5451061513128523,1.4800278972593044,0.2625778883769072,0.0712752706842149,2015.0,2025,2023-2025,2020-2022
ieee,Interconnect & BEOL,RuMo,Ru / Mo interconnect (post-Cu),49,26,14,0.03756669952045393,0.026590543966480598,1.3852652229788518,0.010976155553973334,0.003802354550499802,2018.0,2024,2023-2025,2020-2022
ieee,Advanced packaging,HBM,High-bandwidth memory (HBM),936,437,240,0.6314095265553219,0.4560278290251423,1.3829903864700848,0.17538169753017963,0.05926526842809112,2014.0,2025,2023-2025,2020-2022
ieee,Materials & power devices,Cryo,Cryogenic CMOS / quantum control,408,203,114,0.2933092308712365,0.21652300086991347,1.3515493658764564,0.07678623000132304,0.03275366257420538,2017.0,2025,2023-2025,2020-2022
ieee,Memory,CIM,Compute-in-memory / PIM,4544,2253,1285,3.254764397721544,2.4406320712091123,1.3333149894898542,0.8141323265124316,0.34126559818709096,2014.0,2025,2023-2025,2020-2022
ieee,Advanced packaging,3DIC,"2.5D / 3D integration (TSV, interposer)",5974,2276,1312,3.2880398242583153,2.491913834573039,1.3192404317728283,0.7961259896852764,-0.032397575189830545,2014.0,2016,2023-2025,2020-2022
ieee,Design & compute,AIAccel,AI accelerator / NPU,1298,636,383,0.9189392651926424,0.7276122491513609,1.262267279826067,0.19132701604128144,0.10349276213883682,2016.0,2025,2023-2025,2020-2022
ieee,Materials & power devices,OxideSemi,Oxide semiconductor (IGZO),1629,615,377,0.8885969309645835,0.7160453625259419,1.2403410339824896,0.1725515684386416,0.008715699607106418,2014.0,2025,2023-2025,2020-2022
ieee,Design & compute,Neuromorphic,Neuromorphic hardware,5940,2525,1572,3.6488101782299363,2.9866688915607913,1.2215580300611686,0.662141286669145,0.24530668541369408,2014.0,2025,2023-2025,2020-2022
ieee,Advanced packaging,CPO,Silicon photonics / co-packaged optics,3309,1240,782,1.7920905031620853,1.4854237589503676,1.2061870400653385,0.3066667442117177,0.02928792024643898,2014.0,2025,2023-2025,2020-2022
ieee,Materials & power devices,CNT,Carbon nanotube transistor,675,269,173,0.38867085273085034,0.32858315044293884,1.1818181199645594,0.06008770228791149,0.010774678197181932,2014.0,2025,2023-2025,2020-2022
ieee,Memory,FeRAM,FeRAM / ferroelectric memory,507,226,152,0.3265413112162534,0.28869733449321794,1.1302285334083226,0.037843976723035466,0.02778484961856542,2014.0,2022,2023-2025,2020-2022
ieee,Materials & power devices,GaN,GaN power / RF,14248,5226,3602,7.550935501072411,6.840588374588347,1.103814162000107,0.7103471264840637,0.0023745476407405824,2014.0,2016,2023-2025,2020-2022
ieee,Transistor architecture,GAA,GAA / nanosheet,1904,784,543,1.133011657536891,1.0320549843218734,1.0976413293574943,0.10095667321501756,0.07013083924163324,2014.0,2022,2023-2025,2020-2022
ieee,Materials & power devices,SiC,SiC power,7703,2910,2033,4.203959304758737,3.8619726192002615,1.0885088042604383,0.3419866855584752,0.10259349484636608,2014.0,2025,2023-2025,2020-2022
ieee,Lithography & patterning,CompLitho,Computational lithography (OPC/ILT/SMO),238,110,78,0.1595284343866661,0.14733060681999288,1.081738478689471,0.01219782756667323,0.015256162389477954,2018.0,2025,2023-2025,2020-2022
ieee,Materials & power devices,SiQubit,Silicon spin qubit,47,20,14,0.02889746116957995,0.026590543966480598,1.0809732484452708,0.002306917203099352,0.002776737374164196,2019.0,2022,2023-2025,2020-2022
ieee,Transistor architecture,2D-channel,2D-material channel (MoS2 / TMD),947,332,236,0.47958226557034883,0.4487534159257408,1.0684093246848134,0.030828849644608025,0.008673273515913243,2014.0,2018,2023-2025,2020-2022
ieee,Transistor architecture,Node,"Advanced node (7/5/3/2 nm, A16/A14)",719,291,221,0.42089152193493196,0.42049146633851,1.0009471219662778,0.00040005559642197763,0.03461669345560596,2014.0,2020,2023-2025,2020-2022
ieee,Transistor architecture,FeFET,Ferroelectric / negative-capacitance FET,2357,979,748,1.4145307242509386,1.4206947776376777,0.9956670329385048,-0.006164053386739088,0.1367570484671588,2014.0,2022,2023-2025,2020-2022
ieee,Memory,DRAM,DRAM (incl. 3D / vertical channel),3738,1334,1031,1.9274606600109827,1.9582036306743926,0.984315634757261,-0.03074297066340992,0.051685095519818675,2014.0,2025,2023-2025,2020-2022
ieee,Memory,3DNAND,3D NAND,1789,548,434,0.7917904360464906,0.8243068629608986,0.9606436899103591,-0.032516426914408036,-0.050213418756535205,2014.0,2016,2023-2025,2020-2022
ieee,Memory,MRAM,MRAM / spintronic memory,1662,556,447,0.8033494205143226,0.8484092917419442,0.947007627156465,-0.04505987122762167,-0.011149212537191356,2014.0,2017,2023-2025,2020-2022
ieee,Memory,RRAM,RRAM / memristor,7017,2349,1890,3.393472211335528,3.588773773190364,0.945608648702466,-0.19530156185483616,-0.05673422601003834,2014.0,2014,2023-2025,2020-2022
ieee,Advanced packaging,FanOut,Fan-out packaging (FOWLP / InFO / FOPLP),1660,610,512,0.8814737067862819,0.9730619632076674,0.9060595968582066,-0.09158825642138546,0.04820433523903774,2014.0,2022,2023-2025,2020-2022
ieee,Transistor architecture,FinFET,FinFET,4889,1354,1224,1.9563581211805625,2.3247732724980184,0.8416557826907529,-0.36841515131745584,-0.19676294828606142,2014.0,2015,2023-2025,2020-2022
ieee,Interconnect & BEOL,HKMG,High-k / metal gate,831,247,229,0.35736045355361046,0.43494532630886124,0.8223971093629417,-0.07758487275525078,-0.01089340859767881,2014.0,2015,2023-2025,2020-2022
ieee,Lithography & patterning,Resist,Photoresist (CAR / metal-oxide / stochastics),747,236,228,0.3409900418010434,0.4324192246320456,0.7894881924817988,-0.09142918283100215,0.006302393699564966,2014.0,2018,2023-2025,2020-2022
ieee,Lithography & patterning,HighNA,High-NA EUV,33,9,9,0.013003857526310978,0.017093921121308957,0.7846569427005577,-0.004090063594997979,0.0018161810214022073,2019.0,2019,2023-2025,2020-2022
ieee,Lithography & patterning,EUV,EUV lithography,246,83,81,0.1199244638537568,0.1538452900917806,0.7822022526307086,-0.03392082623802381,0.005055321926650471,2014.0,2022,2023-2025,2020-2022
ieee,Lithography & patterning,NIL,Nanoimprint lithography,132,32,32,0.04623593787132792,0.06172804849361568,0.7565181481398953,-0.01549211062228776,-0.009344076859880115,2014.0,2016,2023-2025,2020-2022
ieee,Transistor architecture,TFET,Tunnel FET,1221,324,343,0.4681388709471952,0.6514683271787747,0.7194084284075605,-0.18332945623157948,-0.047115839889981304,2014.0,2016,2023-2025,2020-2022
ieee,Memory,PCM,Phase-change memory,743,193,230,0.2788605002864465,0.4368446508778956,0.6399172195344281,-0.1579841505914491,-0.029052650127880573,2014.0,2014,2023-2025,2020-2022
ieee,Interconnect & BEOL,Airgap,Air-gap / low-k dielectric,108,31,40,0.044791064812848926,0.07597298276137314,0.5995762933256719,-0.031181917948524214,0.0024700588127105666,2015.0,2019,2023-2025,2020-2022
ieee,Lithography & patterning,MultiPatterning,Multi-patterning (SADP/SAQP/LELE),141,30,46,0.04334619175436993,0.08736893017557912,0.5068488955323104,-0.04402273842120919,-0.00483320369944944,2015.0,2015,2023-2025,2020-2022
ieee,Lithography & patterning,DSA,Directed self-assembly,41,5,12,0.0072243652923949875,0.022791894828411943,0.3695115139745973,-0.015567529536016957,-0.0030561312840058034,2015.0,2016,2023-2025,2020-2022
